,filename,probability_1
0,000000-f6f091083fcc5948725ef21f-11-2250-22050.jpg,0.20216429233551025
1,000001-c371eab259dd483bd58c25d8-13-1000-24400.jpg,0.08084911853075027
2,000002-540208e670abd2b2613b8dfa-39-2750-72950.jpg,0.46057814359664917
3,000003-16f99beaf8446ba44a25e1f6-14-500-25700.jpg,0.05187048017978668
4,000004-0df26117d1a490e48873f39d-26-4250-51050.jpg,0.3105185031890869
5,000005-d714745bd7c83534af449a81-4-2750-9950.jpg,0.05411785468459129
6,000006-e97e9054f7b8f3e47f09f75c-9-4000-20200.jpg,0.03482002764940262
7,000007-6258142bab395a3c22a310da-27-4750-53350.jpg,0.33434152603149414
8,000008-68f6dad2a2ede9aa67f72499-40-3250-75250.jpg,0.06120928376913071
9,000009-04d03f0bda67a854ff0dc550-23-2750-44150.jpg,0.8098761439323425
10,000010-437b49c5a4d43f7cf5f04e11-12-1250-22850.jpg,0.2717580199241638
11,000011-e136be7e1b771b73501c41b1-10-4000-22000.jpg,0.021004686132073402
12,000012-be0c688226a81bd12535adac-41-1250-75050.jpg,0.20050154626369476
13,000013-16f99beaf8446ba44a25e1f6-19-3500-37700.jpg,0.6984125375747681
14,000014-b359b4021287d30ff9b6f5b2-29-4750-56950.jpg,0.2295539379119873
15,000015-1d543ae97672c91311e5a36d-34-1250-62450.jpg,0.10557251423597336
16,000016-2e5b26de6bdee8e740e69eac-35-4250-67250.jpg,0.1630425602197647
17,000017-398e7524eb808f5e45c794fc-28-0-50400.jpg,0.05257092043757439
18,000018-6e4893849ef9b777ec9c9c78-7-500-13100.jpg,0.29365867376327515
19,000019-768a0a069adf04319ff2559b-38-3000-71400.jpg,0.2785254716873169
20,000020-e03d6fa1c9dcadacd79c8d20-5-3500-12500.jpg,0.08086595684289932
21,000021-fb247ec7e266d69334aaf013-39-4000-74200.jpg,0.025420693680644035
22,000022-cf6818df126de11c0ac1aaa3-41-3250-77050.jpg,0.1150994673371315
23,000023-b8acc0dba46212f108f96480-1-4500-6300.jpg,0.08209621161222458
24,000024-437b49c5a4d43f7cf5f04e11-23-3250-44650.jpg,0.026482457295060158
25,000025-acab0eb205d107f839c695f3-8-1500-15900.jpg,0.2042812705039978
26,000026-5c99ee571eb64dfbe59206b4-21-3000-40800.jpg,0.13976523280143738
27,000027-6d5e57caf62f4ce2491fd4c2-7-750-13350.jpg,0.0982779860496521
28,000028-bc33bb6c5813d9351f1062f9-10-2000-20000.jpg,0.009718731977045536
29,000029-29a94a94190d92d759560898-43-4000-81400.jpg,0.018745776265859604
30,000030-dd1a338f96a4e03d74300b13-23-2750-44150.jpg,0.3930724859237671
31,000031-7dd02305e2d607582de11bdb-31-1250-57050.jpg,0.10979573428630829
32,000032-7436f263d68c94898820c6ff-22-500-40100.jpg,0.12173058092594147
33,000033-dd4f77a5f43d5e5d6f322b21-35-4750-67750.jpg,0.06307393312454224
34,000034-985fd86f5514b1028b5587e4-26-4750-51550.jpg,0.03146262839436531
35,000035-dd4f77a5f43d5e5d6f322b21-37-4250-70850.jpg,0.2788981795310974
36,000036-b4310dc68adb02ebcf3187de-30-2500-56500.jpg,0.017647134140133858
37,000037-0d1e7b29a724994660ce3fe2-37-500-67100.jpg,0.056302741169929504
38,000038-cf640301315dd0860917ea9f-2-1000-4600.jpg,0.06202971190214157
39,000039-4ff5e31ba22a7bd897d07e24-12-0-21600.jpg,0.07757379859685898
40,000040-5e2693c48affb8e8b86d8c00-5-0-9000.jpg,0.08616433292627335
41,000041-5f40487e05bd3e7c70e4eb94-26-2750-49550.jpg,0.0847477987408638
42,000042-e9425ab67c9507b8a5b31164-39-750-70950.jpg,0.06983114033937454
43,000043-93cd430a2a305803b9c997dc-20-4250-40250.jpg,0.16002795100212097
44,000044-9158d948a7e1edeb1f829c71-4-4250-11450.jpg,0.25160905718803406
45,000045-4ff5e31ba22a7bd897d07e24-7-2500-15100.jpg,0.024466004222631454
46,000046-c371eab259dd483bd58c25d8-32-1500-59100.jpg,0.43671178817749023
47,000047-8f2e8dd7b16b72806d9863ff-15-3500-30500.jpg,0.009341031312942505
48,000048-5906ba94cf204d29c2895589-13-4500-27900.jpg,0.022660939022898674
49,000049-5c99ee571eb64dfbe59206b4-35-2250-65250.jpg,0.06328875571489334
50,000050-4f062a0d2117ba4992ddc68a-41-3750-77550.jpg,0.2710157334804535
51,000051-bb1de1b9b749ca8d18d0c840-28-0-50400.jpg,0.03240414336323738
52,000052-c54eb727efad33ddc42bb452-7-1000-13600.jpg,0.06926782429218292
53,000053-978933a2da83584f8c9d9c72-15-3500-30500.jpg,0.04113338142633438
54,000054-b7f7a59a118189974b56450e-40-500-72500.jpg,0.025589391589164734
55,000055-188b991a3c295dc93f80412c-18-250-32650.jpg,0.13184711337089539
56,000056-7e3bb2ffcafbbb3f749de881-30-750-54750.jpg,0.17532050609588623
57,000057-6258142bab395a3c22a310da-3-1750-7150.jpg,0.30206966400146484
58,000058-8f2e8dd7b16b72806d9863ff-20-2000-38000.jpg,0.04906270280480385
59,000059-bc33bb6c5813d9351f1062f9-39-3500-73700.jpg,0.07133744657039642
60,000060-7a48c8dc4ebc485dab23a53c-31-2250-58050.jpg,0.09273041039705276
61,000061-5c99ee571eb64dfbe59206b4-14-250-25450.jpg,0.13118015229701996
62,000062-cfa1e88a7d10fead6303332b-22-1750-41350.jpg,0.08641596138477325
63,000063-9158d948a7e1edeb1f829c71-22-1000-40600.jpg,0.44619762897491455
64,000064-d8ca89ae03637f2b42bcd042-37-4250-70850.jpg,0.02042321301996708
65,000065-32235165c7312be320d36823-17-250-30850.jpg,0.3218729496002197
66,000066-540208e670abd2b2613b8dfa-22-1750-41350.jpg,0.05392640084028244
67,000067-0a2a2d8fe0e0547cadc6d521-27-0-48600.jpg,0.4988909065723419
68,000068-295d6a924c7709f4fc6473be-31-2000-57800.jpg,0.4161772131919861
69,000069-14a93dd1b5546948a3c95929-6-3000-13800.jpg,0.5561785697937012
70,000070-7c468c05d4662fcee9fab921-36-250-65050.jpg,0.08659476041793823
71,000071-0df26117d1a490e48873f39d-15-750-27750.jpg,0.6413174867630005
72,000072-7e423a97a7cc647c80bc112c-5-3750-12750.jpg,0.41366949677467346
73,000073-5453c71d0e7fe98e00c88c9e-14-0-25200.jpg,0.5802497863769531
74,000074-32235165c7312be320d36823-42-1750-77350.jpg,0.216436967253685
75,000075-ab6ae95114751c64a94eb2d0-41-4500-78300.jpg,0.0981965884566307
76,000076-bb1de1b9b749ca8d18d0c840-18-4750-37150.jpg,0.10035932064056396
77,000077-fc9ab13dc9e640fb3a52746d-17-250-30850.jpg,0.6946333646774292
78,000078-f1cd0db34a558c82f3d8328a-21-3750-41550.jpg,0.3380832374095917
79,000079-ce81932a762ad235a831aa8b-43-1250-78650.jpg,0.02446657419204712
80,000080-855f7fe5d5f04c0dc975d88d-12-4500-26100.jpg,0.14004755020141602
81,000081-5c32d68855388b3c5ff424e3-33-2000-61400.jpg,0.3548198938369751
82,000082-df757ecb6cb5cb64f67b2949-34-2750-63950.jpg,0.012328678742051125
83,000083-ce81932a762ad235a831aa8b-11-1250-21050.jpg,0.03180930018424988
84,000084-4ff5e31ba22a7bd897d07e24-3-3000-8400.jpg,0.02077047899365425
85,000085-8a9293e84bdb36b0c69dab13-12-3750-25350.jpg,0.2985711991786957
86,000086-5aaa97d21c46dd007ccfb9b2-23-4250-45650.jpg,0.38279983401298523
87,000087-d843411d5321a68a9227a475-39-4000-74200.jpg,0.13356061279773712
88,000088-7e3bb2ffcafbbb3f749de881-32-1750-59350.jpg,0.05280047282576561
89,000089-3416bc3935676fc9c5fb2162-25-1250-46250.jpg,0.02934759482741356
90,000090-cfa1e88a7d10fead6303332b-12-3750-25350.jpg,0.0737430602312088
91,000091-d843411d5321a68a9227a475-42-1000-76600.jpg,0.1159714013338089
92,000092-b359b4021287d30ff9b6f5b2-31-4500-60300.jpg,0.7614787220954895
93,000093-fb247ec7e266d69334aaf013-28-4750-55150.jpg,0.03945321589708328
94,000094-bb08f16dd67079986cd12e52-44-2750-81950.jpg,0.17177647352218628
95,000095-978933a2da83584f8c9d9c72-22-4500-44100.jpg,0.1569485068321228
96,000096-705d39b0c40552746a1afadf-42-1250-76850.jpg,0.017677735537290573
97,000097-6258142bab395a3c22a310da-9-3500-19700.jpg,0.3876801133155823
98,000098-ebcaead9bb3755b5d8175223-44-500-79700.jpg,0.32545655965805054
99,000099-7310b9e06cba24ddc4e162b3-21-1750-39550.jpg,0.11408401280641556
100,000100-9d9d178c8545365b3a34cfa0-31-1000-56800.jpg,0.07909392565488815
101,000101-be0c688226a81bd12535adac-38-3250-71650.jpg,0.25372496247291565
102,000102-7e423a97a7cc647c80bc112c-6-4000-14800.jpg,0.30352783203125
103,000103-af2cd873d5f7012625b7645e-8-4000-18400.jpg,0.0264741200953722
104,000104-7e423a97a7cc647c80bc112c-19-4500-38700.jpg,0.06404795497655869
105,000105-2c4e2c0166429ff4b26c0fd5-29-4500-56700.jpg,0.02470248006284237
106,000106-a8c3a50bc09c78ba83994b62-21-2500-40300.jpg,0.8155922889709473
107,000107-c54eb727efad33ddc42bb452-30-2000-56000.jpg,0.01914593018591404
108,000108-6115a9db17decee344eb8f7a-14-3000-28200.jpg,0.5408963561058044
109,000109-ee61602c5e399e3fd44e5960-42-500-76100.jpg,0.13407661020755768
110,000110-5aa735c8ff45c3469d2531f7-21-3500-41300.jpg,0.015297473408281803
111,000111-7c468c05d4662fcee9fab921-11-3250-23050.jpg,0.1508932113647461
112,000112-392c6092a6280d30a7144bcf-5-1750-10750.jpg,0.4039376378059387
113,000113-5c32d68855388b3c5ff424e3-33-4250-63650.jpg,0.27565741539001465
114,000114-4f0071acf34e37f4ee3d026c-26-1000-47800.jpg,0.07455189526081085
115,000115-ce987a693d8c47d442322a6e-31-3250-59050.jpg,0.06133481487631798
116,000116-244da96f4adb75837b12fc4d-39-750-70950.jpg,0.48356330394744873
117,000117-ba70befeb9a917baca4821aa-18-2750-35150.jpg,0.01643304154276848
118,000118-bb08f16dd67079986cd12e52-44-1750-80950.jpg,0.04301698878407478
119,000119-bc33bb6c5813d9351f1062f9-14-4000-29200.jpg,0.03482872247695923
120,000120-bb093a0466fe40cd5cc40a75-42-2000-77600.jpg,0.6193327307701111
121,000121-af2cd873d5f7012625b7645e-7-250-12850.jpg,0.21042844653129578
122,000122-68f6dad2a2ede9aa67f72499-12-4750-26350.jpg,0.6694265604019165
123,000123-afd4c1bf9fac7484ffca8051-24-4750-47950.jpg,0.1501353234052658
124,000124-33a55fcdd623babeb4b8afdf-17-500-31100.jpg,0.29917898774147034
125,000125-2538a18c8c4a5e6a34f3df9f-30-2750-56750.jpg,0.05569816380739212
126,000126-e06d503ec3a952d8ad3cfe45-5-4500-13500.jpg,0.014719649218022823
127,000127-e97e9054f7b8f3e47f09f75c-35-3250-66250.jpg,0.08316294103860855
128,000128-0a2a2d8fe0e0547cadc6d521-36-3000-67800.jpg,0.2809028923511505
129,000129-b8acc0dba46212f108f96480-6-4250-15050.jpg,0.01471051573753357
130,000130-a2574706861c394735af3db4-37-3500-70100.jpg,0.15925386548042297
131,000131-4af9a04b3e28786de70a1f38-2-2250-5850.jpg,0.03449643775820732
132,000132-49756b62e211e131fd6008d2-9-3500-19700.jpg,0.9089463949203491
133,000133-0fd34f1ee17e8ae9c64b1337-27-1750-50350.jpg,0.014619976282119751
134,000134-5f54c85f852382e22d784c56-9-1500-17700.jpg,0.021714551374316216
135,000135-0fd34f1ee17e8ae9c64b1337-28-2500-52900.jpg,0.05471692234277725
136,000136-acab0eb205d107f839c695f3-1-3750-5550.jpg,0.23008909821510315
137,000137-953dc505b13267df9a0f7572-3-0-5400.jpg,0.045775335282087326
138,000138-244da96f4adb75837b12fc4d-33-2750-62150.jpg,0.6076512336730957
139,000139-5c32d68855388b3c5ff424e3-25-3750-48750.jpg,0.09550680220127106
140,000140-16f99beaf8446ba44a25e1f6-13-250-23650.jpg,0.12464780360460281
141,000141-32235165c7312be320d36823-35-3500-66500.jpg,0.1943114697933197
142,000142-5f40487e05bd3e7c70e4eb94-13-750-24150.jpg,0.04824880510568619
143,000143-855f7fe5d5f04c0dc975d88d-29-1500-53700.jpg,0.17278806865215302
144,000144-244da96f4adb75837b12fc4d-7-2750-15350.jpg,0.06179916858673096
145,000145-dc0eb7d577e761b21c47980c-24-4250-47450.jpg,0.6773948073387146
146,000146-a8c3a50bc09c78ba83994b62-37-500-67100.jpg,0.2281433790922165
147,000147-da65c9f6fbb63ff67c796a78-0-3500-3500.jpg,0.04354305565357208
148,000148-0ab896dfec91bbdb43f4dfc9-32-3750-61350.jpg,0.11308586597442627
149,000149-f41898121bded6aa892c02f5-9-4500-20700.jpg,0.04516251012682915
150,000150-2c4e2c0166429ff4b26c0fd5-39-1000-71200.jpg,0.40186697244644165
151,000151-9898b30fba4d21a357606744-41-1250-75050.jpg,0.15668193995952606
152,000152-043d443cdc1d59deb4c45da6-32-3000-60600.jpg,0.12252968549728394
153,000153-f4ff736e0adc6b7ce009f87d-28-4000-54400.jpg,0.20179669559001923
154,000154-ce987a693d8c47d442322a6e-29-2000-54200.jpg,0.015515238977968693
155,000155-6c2601ee868544d7e63431f4-19-1500-35700.jpg,0.06149929016828537
156,000156-5aaa97d21c46dd007ccfb9b2-11-2000-21800.jpg,0.1855248361825943
157,000157-47f68f22ab79bc7ebf0b7704-19-4750-38950.jpg,0.6692880988121033
158,000158-b8acc0dba46212f108f96480-33-4250-63650.jpg,0.04729388281702995
159,000159-33a55fcdd623babeb4b8afdf-19-3000-37200.jpg,0.016318514943122864
160,000160-cfa1e88a7d10fead6303332b-14-4250-29450.jpg,0.15714971721172333
161,000161-c54eb727efad33ddc42bb452-7-1250-13850.jpg,0.019824573770165443
162,000162-2d90aff655d9086822674199-12-2250-23850.jpg,0.586178183555603
163,000163-9158d948a7e1edeb1f829c71-40-250-72250.jpg,0.1879740208387375
164,000164-2ebd6ca19219c9c68e5a80c7-15-3750-30750.jpg,0.0368322916328907
165,000165-dd1a338f96a4e03d74300b13-33-750-60150.jpg,0.09776300191879272
166,000166-ab6ae95114751c64a94eb2d0-28-3750-54150.jpg,0.022821273654699326
167,000167-b4f6fd9e0a76b2be4083d9fa-15-750-27750.jpg,0.026004169136285782
168,000168-68034a53364c35eac63b4af1-3-3250-8650.jpg,0.08012059330940247
169,000169-7c468c05d4662fcee9fab921-20-250-36250.jpg,0.03993158042430878
170,000170-392c6092a6280d30a7144bcf-42-3500-79100.jpg,0.572488009929657
171,000171-78b1e991abd0108db18df02a-12-500-22100.jpg,0.2908414602279663
172,000172-768a0a069adf04319ff2559b-43-1250-78650.jpg,0.14534395933151245
173,000173-5a56da28734ae67c50588ec2-48-0-86400.jpg,0.3646009564399719
174,000174-2d71dec7193fa941a9d5ac80-38-2750-71150.jpg,0.012024066410958767
175,000175-ab6ae95114751c64a94eb2d0-42-4750-80350.jpg,0.7352792620658875
176,000176-ddc3a8efe0618d7397d3a129-5-4500-13500.jpg,0.332045316696167
177,000177-cf640301315dd0860917ea9f-35-4500-67500.jpg,0.886745035648346
178,000178-efe469ebdf2a2d2b10456340-19-1250-35450.jpg,0.06623899191617966
179,000179-6bd6dbb30a98b0e9d652a716-7-2500-15100.jpg,0.012296024709939957
180,000180-7a48c8dc4ebc485dab23a53c-12-4750-26350.jpg,0.3172239363193512
181,000181-705d39b0c40552746a1afadf-33-750-60150.jpg,0.08575865626335144
182,000182-b359b4021287d30ff9b6f5b2-38-0-68400.jpg,0.21346436440944672
183,000183-0f34f303411bc253d1fdf988-6-3000-13800.jpg,0.006382385268807411
184,000184-fb247ec7e266d69334aaf013-35-2000-65000.jpg,0.007194788660854101
185,000185-5a56da28734ae67c50588ec2-41-1250-75050.jpg,0.4297512471675873
186,000186-7a48c8dc4ebc485dab23a53c-23-1500-42900.jpg,0.522270917892456
187,000187-8d87f56b59525ed4ea639c32-24-0-43200.jpg,0.20577651262283325
188,000188-93cd430a2a305803b9c997dc-31-250-56050.jpg,0.06757961958646774
189,000189-5f40487e05bd3e7c70e4eb94-6-3250-14050.jpg,0.06372947990894318
190,000190-0ef869d58db1566d1d86b63d-30-3750-57750.jpg,0.8298441171646118
191,000191-f6f091083fcc5948725ef21f-22-4500-44100.jpg,0.03278855234384537
192,000192-efe469ebdf2a2d2b10456340-23-250-41650.jpg,0.2651970684528351
193,000193-d8ca89ae03637f2b42bcd042-40-0-72000.jpg,0.5438297390937805
194,000194-ab6ae95114751c64a94eb2d0-38-4750-73150.jpg,0.20790135860443115
195,000195-d714745bd7c83534af449a81-13-1000-24400.jpg,0.3193682134151459
196,000196-705d39b0c40552746a1afadf-21-3500-41300.jpg,0.09224354475736618
197,000197-78b1e991abd0108db18df02a-11-4750-24550.jpg,0.13499364256858826
198,000198-b8acc0dba46212f108f96480-36-250-65050.jpg,0.0028846708592027426
199,000199-f64d0401fd055c904ca6dc00-31-500-56300.jpg,0.03172651305794716
200,000200-6e4893849ef9b777ec9c9c78-5-4000-13000.jpg,0.623974084854126
201,000201-ba70befeb9a917baca4821aa-26-1250-48050.jpg,0.029778480529785156
202,000202-2ebd6ca19219c9c68e5a80c7-24-0-43200.jpg,0.403764009475708
203,000203-fc9ab13dc9e640fb3a52746d-13-2250-25650.jpg,0.5792881846427917
204,000204-7a48c8dc4ebc485dab23a53c-11-4000-23800.jpg,0.5111163258552551
205,000205-ba9bef2af96a41ee3b5080e5-11-1500-21300.jpg,0.03605607897043228
206,000206-244da96f4adb75837b12fc4d-16-3000-31800.jpg,0.48457205295562744
207,000207-4f78a8d0b4cf60e844288509-28-2250-52650.jpg,0.14445936679840088
208,000208-e9425ab67c9507b8a5b31164-43-2750-80150.jpg,0.7499508261680603
209,000209-2e5b26de6bdee8e740e69eac-13-4500-27900.jpg,0.1537524312734604
210,000210-188b991a3c295dc93f80412c-7-250-12850.jpg,0.018437931314110756
211,000211-0fd34f1ee17e8ae9c64b1337-45-1000-82000.jpg,0.004296255763620138
212,000212-bf7718af049eb40c4ec179bd-41-1000-74800.jpg,0.0763506218791008
213,000213-32235165c7312be320d36823-14-4250-29450.jpg,0.27181950211524963
214,000214-b4310dc68adb02ebcf3187de-2-3750-7350.jpg,0.03632405027747154
215,000215-e9cff0190607297120389512-31-2000-57800.jpg,0.004263288341462612
216,000216-c371eab259dd483bd58c25d8-34-2250-63450.jpg,0.2878769040107727
217,000217-ce987a693d8c47d442322a6e-11-1250-21050.jpg,0.02169293537735939
218,000218-5c99ee571eb64dfbe59206b4-10-3500-21500.jpg,0.17611302435398102
219,000219-6d5e57caf62f4ce2491fd4c2-20-4500-40500.jpg,0.025579554960131645
220,000220-b8acc0dba46212f108f96480-6-3750-14550.jpg,0.02763797901570797
221,000221-83266c526eae6e0797760c85-11-0-19800.jpg,0.018850203603506088
222,000222-49756b62e211e131fd6008d2-22-1250-40850.jpg,0.03863203153014183
223,000223-6e4893849ef9b777ec9c9c78-32-500-58100.jpg,0.4506383538246155
224,000224-63b99e6995525951d89da0d0-37-4000-70600.jpg,0.1217074990272522
225,000225-d843411d5321a68a9227a475-22-1750-41350.jpg,0.22770437598228455
226,000226-4f78a8d0b4cf60e844288509-22-1500-41100.jpg,0.16486048698425293
227,000227-69670259a100a489f0cb9676-41-1250-75050.jpg,0.07160502672195435
228,000228-bc33bb6c5813d9351f1062f9-11-3750-23550.jpg,0.1912754774093628
229,000229-bc33bb6c5813d9351f1062f9-36-1250-66050.jpg,0.007609087973833084
230,000230-1d543ae97672c91311e5a36d-23-0-41400.jpg,0.08271767199039459
231,000231-19384e00f1ab45698a9a943d-34-3500-64700.jpg,0.3211842179298401
232,000232-f1cd0db34a558c82f3d8328a-31-3500-59300.jpg,0.25213688611984253
233,000233-540208e670abd2b2613b8dfa-26-0-46800.jpg,0.5138054490089417
234,000234-953dc505b13267df9a0f7572-27-1750-50350.jpg,0.041395463049411774
235,000235-7310b9e06cba24ddc4e162b3-34-2500-63700.jpg,0.181151881814003
236,000236-68f6dad2a2ede9aa67f72499-29-2500-54700.jpg,0.6072191596031189
237,000237-118d944bde2fbd13069fc921-27-2500-51100.jpg,0.31072038412094116
238,000238-0fd34f1ee17e8ae9c64b1337-9-4750-20950.jpg,0.104153573513031
239,000239-ba9bef2af96a41ee3b5080e5-5-750-9750.jpg,0.3932936191558838
240,000240-f64d0401fd055c904ca6dc00-16-3250-32050.jpg,0.03745466470718384
241,000241-c371eab259dd483bd58c25d8-8-4000-18400.jpg,0.06546565890312195
242,000242-b4f6fd9e0a76b2be4083d9fa-37-1500-68100.jpg,0.049642063677310944
243,000243-ca7ffd65a00e5bf596c626fa-33-1250-60650.jpg,0.1623399555683136
244,000244-dd4f77a5f43d5e5d6f322b21-27-2500-51100.jpg,0.13929560780525208
245,000245-b7f7a59a118189974b56450e-20-1500-37500.jpg,0.053252000361680984
246,000246-d55cc84d6ef995619d14146d-28-2750-53150.jpg,0.2038746178150177
247,000247-9158d948a7e1edeb1f829c71-9-3500-19700.jpg,0.22037750482559204
248,000248-5aaa97d21c46dd007ccfb9b2-10-1000-19000.jpg,0.2955455482006073
249,000249-ea2e5e6d7cd30d242c5d978d-2-2000-5600.jpg,0.4666678011417389
250,000250-d116009a6a7abb822b2ac5f2-9-1500-17700.jpg,0.23653720319271088
251,000251-96666de96c9354b9d8f58e7c-43-4500-81900.jpg,0.0959591194987297
252,000252-96666de96c9354b9d8f58e7c-35-1500-64500.jpg,0.015531801618635654
253,000253-d116009a6a7abb822b2ac5f2-15-3000-30000.jpg,0.12137874960899353
254,000254-4f78a8d0b4cf60e844288509-25-250-45250.jpg,0.02297809161245823
255,000255-0ec546ea42f6c8342ba49a06-32-3250-60850.jpg,0.4369094967842102
256,000256-2e5b26de6bdee8e740e69eac-22-2500-42100.jpg,0.07257820665836334
257,000257-118d944bde2fbd13069fc921-42-3000-78600.jpg,0.024661235511302948
258,000258-49756b62e211e131fd6008d2-40-750-72750.jpg,0.4122081696987152
259,000259-5a56da28734ae67c50588ec2-27-4250-52850.jpg,0.04028422757983208
260,000260-49756b62e211e131fd6008d2-35-4500-67500.jpg,0.07082078605890274
261,000261-ee61602c5e399e3fd44e5960-9-2500-18700.jpg,0.16851690411567688
262,000262-56c6583acbd711afe1e6315a-38-1750-70150.jpg,0.3322162628173828
263,000263-efe469ebdf2a2d2b10456340-9-4250-20450.jpg,0.05591060221195221
264,000264-4f0071acf34e37f4ee3d026c-20-3750-39750.jpg,0.09784677624702454
265,000265-1319c5fe427c740e17be196b-6-3500-14300.jpg,0.07019588351249695
266,000266-940a5ce6c94a864aea9c492c-24-4750-47950.jpg,0.11517150700092316
267,000267-83266c526eae6e0797760c85-6-750-11550.jpg,0.029242271557450294
268,000268-2538a18c8c4a5e6a34f3df9f-40-1750-73750.jpg,0.42958781123161316
269,000269-6258142bab395a3c22a310da-22-0-39600.jpg,0.35872504115104675
270,000270-8a9293e84bdb36b0c69dab13-16-500-29300.jpg,0.04152429476380348
271,000271-9d9d178c8545365b3a34cfa0-33-2500-61900.jpg,0.1295468658208847
272,000272-0ef869d58db1566d1d86b63d-19-1500-35700.jpg,0.3438492715358734
273,000273-5c32d68855388b3c5ff424e3-14-2000-27200.jpg,0.07343433797359467
274,000274-47f68f22ab79bc7ebf0b7704-20-1000-37000.jpg,0.5946606397628784
275,000275-e136be7e1b771b73501c41b1-18-4750-37150.jpg,0.1473550647497177
276,000276-037d0712728a7d1acab62ef2-24-750-43950.jpg,0.36531341075897217
277,000277-29a94a94190d92d759560898-40-3750-75750.jpg,0.024858251214027405
278,000278-af2cd873d5f7012625b7645e-43-3000-80400.jpg,0.0880504846572876
279,000279-d843411d5321a68a9227a475-12-750-22350.jpg,0.34810304641723633
280,000280-e9cff0190607297120389512-34-1250-62450.jpg,0.035309433937072754
281,000281-6d5e57caf62f4ce2491fd4c2-27-4250-52850.jpg,0.04259536787867546
282,000282-6258142bab395a3c22a310da-37-2250-68850.jpg,0.0607743002474308
283,000283-d802316e6db35675708f375d-19-1250-35450.jpg,0.07057402282953262
284,000284-2c4e2c0166429ff4b26c0fd5-26-500-47300.jpg,0.5922261476516724
285,000285-ba9bef2af96a41ee3b5080e5-42-2750-78350.jpg,0.13036751747131348
286,000286-f4ff736e0adc6b7ce009f87d-7-3000-15600.jpg,0.1118454784154892
287,000287-9d9d178c8545365b3a34cfa0-19-4250-38450.jpg,0.04301341250538826
288,000288-188b991a3c295dc93f80412c-7-1750-14350.jpg,0.18838892877101898
289,000289-275102f371b5a840e212b97a-21-4250-42050.jpg,0.12917907536029816
290,000290-ba9bef2af96a41ee3b5080e5-15-2750-29750.jpg,0.2663595974445343
291,000291-392c6092a6280d30a7144bcf-29-2250-54450.jpg,0.1164056584239006
292,000292-bb08f16dd67079986cd12e52-16-2750-31550.jpg,0.17781400680541992
293,000293-d802316e6db35675708f375d-8-4500-18900.jpg,0.0760972648859024
294,000294-16f99beaf8446ba44a25e1f6-18-4500-36900.jpg,0.08665331453084946
295,000295-e136be7e1b771b73501c41b1-29-250-52450.jpg,0.03834904357790947
296,000296-3e9c014a4c93d2250ff0e7c1-6-2750-13550.jpg,0.20521286129951477
297,000297-afd4c1bf9fac7484ffca8051-7-2750-15350.jpg,0.04042869061231613
298,000298-1d543ae97672c91311e5a36d-6-500-11300.jpg,0.017135148867964745
299,000299-ebcaead9bb3755b5d8175223-19-2500-36700.jpg,0.43936872482299805
300,000300-ab6ae95114751c64a94eb2d0-7-1750-14350.jpg,0.0021902858279645443
301,000301-c4d0298ca337072c9ffe6fbc-41-2250-76050.jpg,0.0025496568996459246
302,000302-bb1de1b9b749ca8d18d0c840-44-2250-81450.jpg,0.004181284923106432
303,000303-23bea1086b8d3bc7898190aa-38-250-68650.jpg,0.01370935421437025
304,000304-af2cd873d5f7012625b7645e-2-2000-5600.jpg,0.005467921029776335
305,000305-5906ba94cf204d29c2895589-18-3250-35650.jpg,0.024131780490279198
306,000306-bc33bb6c5813d9351f1062f9-3-0-5400.jpg,0.005277307704091072
307,000307-0fd34f1ee17e8ae9c64b1337-7-2750-15350.jpg,0.0012635906459763646
308,000308-df757ecb6cb5cb64f67b2949-42-2250-77850.jpg,0.026424696668982506
309,000309-b359b4021287d30ff9b6f5b2-30-4500-58500.jpg,0.004648314323276281
310,000310-ba9bef2af96a41ee3b5080e5-28-500-50900.jpg,0.08364077657461166
311,000311-855f7fe5d5f04c0dc975d88d-16-3000-31800.jpg,0.006352819036692381
312,000312-afd4c1bf9fac7484ffca8051-39-500-70700.jpg,0.0032186938915401697
313,000313-a83daeb7b675392ab8618926-5-1000-10000.jpg,0.009182711131870747
314,000314-940a5ce6c94a864aea9c492c-7-0-12600.jpg,0.010281458497047424
315,000315-5aa735c8ff45c3469d2531f7-37-4250-70850.jpg,0.037398796528577805
316,000316-ddda1a56dcb540680ddc4973-24-250-43450.jpg,0.02665187604725361
317,000317-9d9d178c8545365b3a34cfa0-24-500-43700.jpg,0.005611148197203875
318,000318-188b991a3c295dc93f80412c-5-3750-12750.jpg,0.02156674489378929
319,000319-16f99beaf8446ba44a25e1f6-2-1500-5100.jpg,0.019319113343954086
320,000320-cf6818df126de11c0ac1aaa3-43-0-77400.jpg,0.01942429319024086
321,000321-68034a53364c35eac63b4af1-35-2000-65000.jpg,0.035767924040555954
322,000322-855f7fe5d5f04c0dc975d88d-21-1000-38800.jpg,0.06957555562257767
323,000323-3416bc3935676fc9c5fb2162-33-1500-60900.jpg,0.013611984439194202
324,000324-23bea1086b8d3bc7898190aa-44-3000-82200.jpg,0.010487409308552742
325,000325-398e7524eb808f5e45c794fc-29-4000-56200.jpg,0.0031847339123487473
326,000326-d843411d5321a68a9227a475-36-1750-66550.jpg,0.005372723564505577
327,000327-118d944bde2fbd13069fc921-8-250-14650.jpg,0.024095511063933372
328,000328-fc9ab13dc9e640fb3a52746d-45-1500-82500.jpg,0.006083620712161064
329,000329-96666de96c9354b9d8f58e7c-38-3000-71400.jpg,0.0024164405185729265
330,000330-63b99e6995525951d89da0d0-41-3250-77050.jpg,0.009626890532672405
331,000331-7310b9e06cba24ddc4e162b3-0-2250-2250.jpg,0.018121464177966118
332,000332-5aaa97d21c46dd007ccfb9b2-29-1750-53950.jpg,0.004132274072617292
333,000333-af2cd873d5f7012625b7645e-5-1750-10750.jpg,0.11564777791500092
334,000334-188b991a3c295dc93f80412c-6-3250-14050.jpg,0.06029199808835983
335,000335-037d0712728a7d1acab62ef2-1-0-1800.jpg,0.006673083174973726
336,000336-78b1e991abd0108db18df02a-7-1000-13600.jpg,0.0010103898821398616
337,000337-fc9ab13dc9e640fb3a52746d-44-3000-82200.jpg,0.0049736578948795795
338,000338-70a030f8aee6c55a7e4df219-31-2000-57800.jpg,0.012621412985026836
339,000339-0f34f303411bc253d1fdf988-31-250-56050.jpg,0.006710823625326157
340,000340-5c32d68855388b3c5ff424e3-13-3250-26650.jpg,0.002099615056067705
341,000341-985fd86f5514b1028b5587e4-42-4250-79850.jpg,0.022302081808447838
342,000342-29a94a94190d92d759560898-41-500-74300.jpg,0.0021991052199155092
343,000343-420354cc8e7c3382f53356e1-27-1750-50350.jpg,0.027889465913176537
344,000344-5aaa97d21c46dd007ccfb9b2-1-3750-5550.jpg,0.04670673608779907
345,000345-23bea1086b8d3bc7898190aa-10-3250-21250.jpg,0.05469143018126488
346,000346-d116009a6a7abb822b2ac5f2-5-1750-10750.jpg,0.17857114970684052
347,000347-da65c9f6fbb63ff67c796a78-11-2750-22550.jpg,0.007353229448199272
348,000348-b7f7a59a118189974b56450e-17-3750-34350.jpg,0.11709076911211014
349,000349-56c6583acbd711afe1e6315a-13-750-24150.jpg,0.03679269552230835
350,000350-0d1e7b29a724994660ce3fe2-16-1750-30550.jpg,0.025675490498542786
351,000351-5c99ee571eb64dfbe59206b4-41-3750-77550.jpg,0.0013030079426243901
352,000352-c371eab259dd483bd58c25d8-25-2500-47500.jpg,0.07818713039159775
353,000353-bb093a0466fe40cd5cc40a75-44-1000-80200.jpg,0.011241650208830833
354,000354-04d03f0bda67a854ff0dc550-0-2000-2000.jpg,0.012700625695288181
355,000355-69117d622dcad785f126ca11-11-1000-20800.jpg,0.019694168120622635
356,000356-ccc225b19e93d3ec9f97b5c3-19-750-34950.jpg,0.023805812001228333
357,000357-ab6ae95114751c64a94eb2d0-32-2500-60100.jpg,0.012345429509878159
358,000358-c4d0298ca337072c9ffe6fbc-7-2750-15350.jpg,0.11488734930753708
359,000359-b33846933935593b55d49211-21-2250-40050.jpg,0.010907934978604317
360,000360-cca4b36f59fb3d24d39a10ff-5-1000-10000.jpg,0.017619539052248
361,000361-78b1e991abd0108db18df02a-31-500-56300.jpg,0.004570094868540764
362,000362-0f34f303411bc253d1fdf988-18-4000-36400.jpg,0.04063645005226135
363,000363-ed78d571b093fc63813977ab-47-250-84850.jpg,0.0003940940950997174
364,000364-8a29e5197425932b819f381d-0-4500-4500.jpg,0.005907836370170116
365,000365-5e61fa41d258f0da81afd18d-7-2500-15100.jpg,0.02600974403321743
366,000366-bb093a0466fe40cd5cc40a75-47-1500-86100.jpg,0.015223251655697823
367,000367-df757ecb6cb5cb64f67b2949-43-500-77900.jpg,0.02202771231532097
368,000368-6bd6dbb30a98b0e9d652a716-36-750-65550.jpg,0.010423108004033566
369,000369-54214f4c1bb874fa206c2e02-42-3750-79350.jpg,0.025122888386249542
370,000370-40cd8876c741ebe183ec3d66-38-2000-70400.jpg,0.03352288901805878
371,000371-d802316e6db35675708f375d-44-250-79450.jpg,0.00405380642041564
372,000372-5c32d68855388b3c5ff424e3-40-4000-76000.jpg,0.0162199679762125
373,000373-1d543ae97672c91311e5a36d-18-1250-33650.jpg,0.02585293911397457
374,000374-29a94a94190d92d759560898-25-3250-48250.jpg,0.0390484519302845
375,000375-5906ba94cf204d29c2895589-2-2500-6100.jpg,0.012295996770262718
376,000376-68f6dad2a2ede9aa67f72499-8-2000-16400.jpg,0.0013087578117847443
377,000377-f41898121bded6aa892c02f5-3-0-5400.jpg,0.034782104194164276
378,000378-5e61fa41d258f0da81afd18d-28-1000-51400.jpg,0.0068502277135849
379,000379-f4ff736e0adc6b7ce009f87d-5-1500-10500.jpg,0.024054840207099915
380,000380-5aaa97d21c46dd007ccfb9b2-25-3500-48500.jpg,0.06928874552249908
381,000381-cf6818df126de11c0ac1aaa3-28-500-50900.jpg,0.006716273725032806
382,000382-f320be1e7f6ea7fa725e93b9-1-2000-3800.jpg,0.0028327181935310364
383,000383-ddda1a56dcb540680ddc4973-2-1250-4850.jpg,0.013861725106835365
384,000384-f251d78788f6a66f3e12d59d-1-1250-3050.jpg,0.43220221996307373
385,000385-29a94a94190d92d759560898-8-0-14400.jpg,0.004622694104909897
386,000386-8d87f56b59525ed4ea639c32-14-3500-28700.jpg,0.008301375433802605
387,000387-623bae3f81c936927074de2f-14-500-25700.jpg,0.01206690352410078
388,000388-ea2e5e6d7cd30d242c5d978d-13-2250-25650.jpg,0.03305841609835625
389,000389-5a56da28734ae67c50588ec2-13-250-23650.jpg,0.007554417010396719
390,000390-f41898121bded6aa892c02f5-33-2000-61400.jpg,0.013417785987257957
391,000391-97b5a01398c8d9cc83523d33-22-4000-43600.jpg,0.07628701627254486
392,000392-c54eb727efad33ddc42bb452-2-1750-5350.jpg,0.007726755458861589
393,000393-5e2693c48affb8e8b86d8c00-7-250-12850.jpg,0.007515090052038431
394,000394-68f6dad2a2ede9aa67f72499-22-2250-41850.jpg,0.021656068041920662
395,000395-d714745bd7c83534af449a81-20-250-36250.jpg,0.7467820048332214
396,000396-0b3a6d126307c494e94f24e2-34-3500-64700.jpg,0.002627946902066469
397,000397-e9425ab67c9507b8a5b31164-42-2750-78350.jpg,0.05353882163763046
398,000398-385f6adb2575f9ee99ab5bc5-46-250-83050.jpg,0.007228116039186716
399,000399-93cd430a2a305803b9c997dc-33-250-59650.jpg,0.004220196511596441
400,000400-0f34f303411bc253d1fdf988-5-4000-13000.jpg,0.025723332539200783
401,000401-8f2e8dd7b16b72806d9863ff-7-750-13350.jpg,0.0007018522592261434
402,000402-0fd6eaa8b79d60d24ac457c5-38-250-68650.jpg,0.013661711476743221
403,000403-b7f7a59a118189974b56450e-11-0-19800.jpg,0.37923258543014526
404,000404-385f6adb2575f9ee99ab5bc5-42-3250-78850.jpg,0.017802121117711067
405,000405-b4310dc68adb02ebcf3187de-24-4750-47950.jpg,0.03925268352031708
406,000406-17ccba08b674126235ae6055-7-2000-14600.jpg,0.01801747828722
407,000407-19384e00f1ab45698a9a943d-36-2250-67050.jpg,0.011701432056725025
408,000408-cca4b36f59fb3d24d39a10ff-0-3250-3250.jpg,0.06757359206676483
409,000409-5aaa97d21c46dd007ccfb9b2-0-750-750.jpg,0.18554405868053436
410,000410-f1cd0db34a558c82f3d8328a-22-3250-42850.jpg,0.0012029095087200403
411,000411-14a93dd1b5546948a3c95929-36-2750-67550.jpg,0.01804340071976185
412,000412-40cd8876c741ebe183ec3d66-35-1000-64000.jpg,0.014710882678627968
413,000413-4af9a04b3e28786de70a1f38-24-2250-45450.jpg,0.09666618704795837
414,000414-17ccba08b674126235ae6055-20-2250-38250.jpg,0.007644249126315117
415,000415-768a0a069adf04319ff2559b-20-4250-40250.jpg,0.04022995010018349
416,000416-7dd02305e2d607582de11bdb-24-1750-44950.jpg,0.015881264582276344
417,000417-a2574706861c394735af3db4-29-4500-56700.jpg,0.050074078142642975
418,000418-5c32d68855388b3c5ff424e3-11-0-19800.jpg,0.11218052357435226
419,000419-7310b9e06cba24ddc4e162b3-7-4750-17350.jpg,0.005565325729548931
420,000420-768a0a069adf04319ff2559b-28-3750-54150.jpg,0.0022575047332793474
421,000421-57d1aea2ccb41d62e44e29db-42-4750-80350.jpg,0.027588892728090286
422,000422-4ff5e31ba22a7bd897d07e24-6-4250-15050.jpg,0.023594537749886513
423,000423-96666de96c9354b9d8f58e7c-0-1250-1250.jpg,0.05070297047495842
424,000424-599d189be6c7cb9242c8e616-2-4000-7600.jpg,0.004203036427497864
425,000425-6258142bab395a3c22a310da-21-3000-40800.jpg,0.058848824352025986
426,000426-f41898121bded6aa892c02f5-24-500-43700.jpg,0.01804986596107483
427,000427-6c2601ee868544d7e63431f4-8-2750-17150.jpg,0.009898025542497635
428,000428-40cd8876c741ebe183ec3d66-14-4500-29700.jpg,0.007868073880672455
429,000429-33a55fcdd623babeb4b8afdf-21-0-37800.jpg,0.02796395868062973
430,000430-78b1e991abd0108db18df02a-0-1500-1500.jpg,0.006096036173403263
431,000431-70a030f8aee6c55a7e4df219-8-1000-15400.jpg,0.007182300556451082
432,000432-392c6092a6280d30a7144bcf-5-4500-13500.jpg,0.007751017808914185
433,000433-ebcaead9bb3755b5d8175223-37-0-66600.jpg,0.059370409697294235
434,000434-83266c526eae6e0797760c85-28-0-50400.jpg,0.0012399926781654358
435,000435-6e4893849ef9b777ec9c9c78-28-2750-53150.jpg,0.004976660944521427
436,000436-da65c9f6fbb63ff67c796a78-0-750-750.jpg,0.023772863671183586
437,000437-afd4c1bf9fac7484ffca8051-13-2000-25400.jpg,0.009030608460307121
438,000438-b359b4021287d30ff9b6f5b2-21-500-38300.jpg,0.0028250697068870068
439,000439-4536dea6fa93d60b636db156-44-0-79200.jpg,0.027092555537819862
440,000440-2ebd6ca19219c9c68e5a80c7-5-1000-10000.jpg,0.003330336883664131
441,000441-5453c71d0e7fe98e00c88c9e-16-2500-31300.jpg,0.015941856428980827
442,000442-9158d948a7e1edeb1f829c71-31-2000-57800.jpg,0.027754664421081543
443,000443-f251d78788f6a66f3e12d59d-3-2000-7400.jpg,0.005961139220744371
444,000444-295d6a924c7709f4fc6473be-34-4000-65200.jpg,0.026850273832678795
445,000445-b4310dc68adb02ebcf3187de-45-250-81250.jpg,0.01117192953824997
446,000446-cca4b36f59fb3d24d39a10ff-12-1750-23350.jpg,0.03989994153380394
447,000447-5453c71d0e7fe98e00c88c9e-44-2500-81700.jpg,0.004621055442839861
448,000448-fb247ec7e266d69334aaf013-18-2750-35150.jpg,0.007985381409525871
449,000449-bddafcb6f95b04781d7e924e-16-4250-33050.jpg,0.004251129925251007
450,000450-398e7524eb808f5e45c794fc-37-4500-71100.jpg,0.013115529902279377
451,000451-f320be1e7f6ea7fa725e93b9-14-2500-27700.jpg,0.026129748672246933
452,000452-93cd430a2a305803b9c997dc-44-3750-82950.jpg,0.010175280272960663
453,000453-29a94a94190d92d759560898-40-3000-75000.jpg,0.00559990806505084
454,000454-8a9293e84bdb36b0c69dab13-13-500-23900.jpg,0.012313677929341793
455,000455-e97e9054f7b8f3e47f09f75c-11-4000-23800.jpg,0.012324492447078228
456,000456-ce81932a762ad235a831aa8b-29-3000-55200.jpg,0.0004056895850226283
457,000457-ea2e5e6d7cd30d242c5d978d-8-3500-17900.jpg,0.003433471778407693
458,000458-4ff5e31ba22a7bd897d07e24-30-750-54750.jpg,0.01782325841486454
459,000459-985fd86f5514b1028b5587e4-28-4500-54900.jpg,0.036472536623477936
460,000460-ed78d571b093fc63813977ab-49-750-88950.jpg,0.055388256907463074
461,000461-5e2693c48affb8e8b86d8c00-24-4750-47950.jpg,0.2914148271083832
462,000462-63b99e6995525951d89da0d0-44-1000-80200.jpg,0.018259525299072266
463,000463-cca4b36f59fb3d24d39a10ff-0-2750-2750.jpg,0.0032301333267241716
464,000464-b4310dc68adb02ebcf3187de-10-3750-21750.jpg,0.004272512625902891
465,000465-1d543ae97672c91311e5a36d-37-750-67350.jpg,0.1279112696647644
466,000466-978933a2da83584f8c9d9c72-32-0-57600.jpg,0.026484886184334755
467,000467-1c88e8735cd99fcbe3509858-10-0-18000.jpg,0.0017798260087147355
468,000468-fc9ab13dc9e640fb3a52746d-18-1250-33650.jpg,0.03358173370361328
469,000469-19384e00f1ab45698a9a943d-42-4000-79600.jpg,0.03869669511914253
470,000470-dd1a338f96a4e03d74300b13-0-1000-1000.jpg,0.042668573558330536
471,000471-ebcaead9bb3755b5d8175223-15-3000-30000.jpg,0.0014628132339566946
472,000472-385f6adb2575f9ee99ab5bc5-31-3000-58800.jpg,0.005105686839669943
473,000473-efe469ebdf2a2d2b10456340-11-3500-23300.jpg,0.026306547224521637
474,000474-bb08f16dd67079986cd12e52-3-4000-9400.jpg,0.030835093930363655
475,000475-afd4c1bf9fac7484ffca8051-33-1750-61150.jpg,0.021054234355688095
476,000476-bddafcb6f95b04781d7e924e-46-250-83050.jpg,0.053973887115716934
477,000477-5453c71d0e7fe98e00c88c9e-31-1000-56800.jpg,0.009579365141689777
478,000478-68f6dad2a2ede9aa67f72499-32-250-57850.jpg,0.0036931338254362345
479,000479-f6f091083fcc5948725ef21f-42-1000-76600.jpg,0.019489990547299385
480,000480-2ebd6ca19219c9c68e5a80c7-25-1250-46250.jpg,0.1301485002040863
481,000481-392c6092a6280d30a7144bcf-11-2750-22550.jpg,0.002769702346995473
482,000482-5a56da28734ae67c50588ec2-33-3750-63150.jpg,0.001774242497049272
483,000483-40cd8876c741ebe183ec3d66-7-4000-16600.jpg,0.0212112870067358
484,000484-5f54c85f852382e22d784c56-10-2500-20500.jpg,0.059646110981702805
485,000485-ce81932a762ad235a831aa8b-9-4000-20200.jpg,0.0681573823094368
486,000486-ba9bef2af96a41ee3b5080e5-27-750-49350.jpg,0.0018118005245923996
487,000487-69117d622dcad785f126ca11-1-2500-4300.jpg,0.11055771261453629
488,000488-c4d0298ca337072c9ffe6fbc-0-2000-2000.jpg,0.021067211404442787
489,000489-33a55fcdd623babeb4b8afdf-10-1750-19750.jpg,0.005405523348599672
490,000490-32235165c7312be320d36823-46-500-83300.jpg,0.013512819074094296
491,000491-47f68f22ab79bc7ebf0b7704-11-2500-22300.jpg,0.09168940782546997
492,000492-ebcaead9bb3755b5d8175223-45-3250-84250.jpg,0.01547121349722147
493,000493-4af9a04b3e28786de70a1f38-34-1250-62450.jpg,0.0008636357961222529
494,000494-5e61fa41d258f0da81afd18d-16-2250-31050.jpg,0.0025294313672930002
495,000495-2ebd6ca19219c9c68e5a80c7-16-1750-30550.jpg,0.004909774288535118
496,000496-33a55fcdd623babeb4b8afdf-7-1500-14100.jpg,0.04003245756030083
497,000497-efe469ebdf2a2d2b10456340-2-1500-5100.jpg,0.01878211461007595
498,000498-70a030f8aee6c55a7e4df219-12-3250-24850.jpg,0.033096808940172195
499,000499-78b1e991abd0108db18df02a-31-750-56550.jpg,0.06330621987581253
500,000500-188b991a3c295dc93f80412c-0-1250-1250.jpg,0.06424441188573837
501,000501-921f8ed753c3a667e6095b7b-44-750-79950.jpg,0.007336590439081192
502,000502-0fd6eaa8b79d60d24ac457c5-36-3500-68300.jpg,0.0017844423418864608
503,000503-ba9bef2af96a41ee3b5080e5-31-4500-60300.jpg,0.004788101650774479
504,000504-e136be7e1b771b73501c41b1-43-1500-78900.jpg,0.04338293522596359
505,000505-043d443cdc1d59deb4c45da6-20-4500-40500.jpg,0.025122864171862602
506,000506-d55cc84d6ef995619d14146d-3-2500-7900.jpg,0.016081267967820168
507,000507-04d03f0bda67a854ff0dc550-40-3000-75000.jpg,0.023662418127059937
508,000508-dd4f77a5f43d5e5d6f322b21-0-1500-1500.jpg,0.0317029245197773
509,000509-0a2a2d8fe0e0547cadc6d521-33-2000-61400.jpg,0.03648756444454193
510,000510-cf640301315dd0860917ea9f-27-0-48600.jpg,0.16700993478298187
511,000511-96666de96c9354b9d8f58e7c-37-1750-68350.jpg,0.0305253267288208
512,000512-4536dea6fa93d60b636db156-5-500-9500.jpg,0.022540831938385963
513,000513-17ccba08b674126235ae6055-21-1500-39300.jpg,0.010286776348948479
514,000514-6258142bab395a3c22a310da-38-3000-71400.jpg,0.0049080573953688145
515,000515-c54eb727efad33ddc42bb452-3-250-5650.jpg,0.0037040491588413715
516,000516-705d39b0c40552746a1afadf-34-4250-65450.jpg,0.0013972915476188064
517,000517-acab0eb205d107f839c695f3-39-250-70450.jpg,0.007101288065314293
518,000518-c4d0298ca337072c9ffe6fbc-42-1500-77100.jpg,0.05402309447526932
519,000519-8f2e8dd7b16b72806d9863ff-26-0-46800.jpg,0.09324630349874496
520,000520-e9425ab67c9507b8a5b31164-17-1750-32350.jpg,0.0064160930924117565
521,000521-14a93dd1b5546948a3c95929-12-4000-25600.jpg,0.031157834455370903
522,000522-6258142bab395a3c22a310da-23-1750-43150.jpg,0.005646608304232359
523,000523-40cd8876c741ebe183ec3d66-15-3000-30000.jpg,0.0009950228268280625
524,000524-b4f6fd9e0a76b2be4083d9fa-29-3000-55200.jpg,0.003560479963198304
525,000525-96666de96c9354b9d8f58e7c-7-250-12850.jpg,0.0026728257071226835
526,000526-ea2e5e6d7cd30d242c5d978d-35-2000-65000.jpg,0.007803791668266058
527,000527-f41898121bded6aa892c02f5-22-4750-44350.jpg,0.0038721230812370777
528,000528-0b3a6d126307c494e94f24e2-9-2000-18200.jpg,0.013067144900560379
529,000529-b7f7a59a118189974b56450e-3-2000-7400.jpg,0.10299134254455566
530,000530-04d03f0bda67a854ff0dc550-1-3750-5550.jpg,0.005470151547342539
531,000531-7e423a97a7cc647c80bc112c-31-1000-56800.jpg,0.026844892650842667
532,000532-e136be7e1b771b73501c41b1-39-1000-71200.jpg,0.006726234685629606
533,000533-74428a96af9c647fc5385782-13-0-23400.jpg,0.04040646180510521
534,000534-1c88e8735cd99fcbe3509858-39-4000-74200.jpg,0.05685443803668022
535,000535-2d90aff655d9086822674199-25-2500-47500.jpg,0.003252313705161214
536,000536-e4703eabbae19efec784a115-26-1750-48550.jpg,0.0037269529420882463
537,000537-2c4e2c0166429ff4b26c0fd5-44-3750-82950.jpg,0.01964525692164898
538,000538-ddda1a56dcb540680ddc4973-38-2250-70650.jpg,0.023384198546409607
539,000539-7a48c8dc4ebc485dab23a53c-46-250-83050.jpg,0.08822406828403473
540,000540-be0c688226a81bd12535adac-30-4250-58250.jpg,0.00962825771421194
541,000541-4f062a0d2117ba4992ddc68a-6-1000-11800.jpg,0.0014155092649161816
542,000542-874cb6b4e38cd3872acf0e63-16-3250-32050.jpg,0.006226453464478254
543,000543-6115a9db17decee344eb8f7a-1-1250-3050.jpg,0.19580501317977905
544,000544-69670259a100a489f0cb9676-23-1500-42900.jpg,0.031273409724235535
545,000545-e4703eabbae19efec784a115-41-1750-75550.jpg,0.004531336948275566
546,000546-e9425ab67c9507b8a5b31164-20-4250-40250.jpg,0.024825861677527428
547,000547-768a0a069adf04319ff2559b-5-3000-12000.jpg,0.007208173628896475
548,000548-293cd6346cfd03dfdee10194-45-250-81250.jpg,0.0009151027188636363
549,000549-ea2e5e6d7cd30d242c5d978d-31-4000-59800.jpg,0.017204567790031433
550,000550-0fd34f1ee17e8ae9c64b1337-9-4250-20450.jpg,0.04771319404244423
551,000551-0b3a6d126307c494e94f24e2-48-2000-88400.jpg,0.012571067549288273
552,000552-fd0f8352bcbb86d93c23baa9-45-750-81750.jpg,0.014326797798275948
553,000553-196c2f8e0e1116b8c2567393-10-1000-19000.jpg,0.004704372026026249
554,000554-e4703eabbae19efec784a115-37-1000-67600.jpg,0.0013437726302072406
555,000555-7e3bb2ffcafbbb3f749de881-41-0-73800.jpg,0.0192439965903759
556,000556-5906ba94cf204d29c2895589-1-3250-5050.jpg,0.01429713238030672
557,000557-5906ba94cf204d29c2895589-35-500-63500.jpg,0.018728887662291527
558,000558-385f6adb2575f9ee99ab5bc5-13-2250-25650.jpg,0.06754017621278763
559,000559-f1cd0db34a558c82f3d8328a-30-2000-56000.jpg,0.0034976915922015905
560,000560-bb08f16dd67079986cd12e52-1-4000-5800.jpg,0.07213248312473297
561,000561-fc9ab13dc9e640fb3a52746d-21-4000-41800.jpg,0.0018714809557422996
562,000562-6c2601ee868544d7e63431f4-11-500-20300.jpg,0.02107055112719536
563,000563-8d87f56b59525ed4ea639c32-43-3000-80400.jpg,0.0015103962505236268
564,000564-56c6583acbd711afe1e6315a-14-4750-29950.jpg,0.01021015364676714
565,000565-23bea1086b8d3bc7898190aa-7-1750-14350.jpg,0.003853869391605258
566,000566-69117d622dcad785f126ca11-23-4500-45900.jpg,0.010426634922623634
567,000567-fd0f8352bcbb86d93c23baa9-15-750-27750.jpg,0.012585671618580818
568,000568-f64d0401fd055c904ca6dc00-15-1500-28500.jpg,0.05107051134109497
569,000569-dd4f77a5f43d5e5d6f322b21-1-750-2550.jpg,0.11727666854858398
570,000570-623bae3f81c936927074de2f-34-250-61450.jpg,0.0013432070845738053
571,000571-392c6092a6280d30a7144bcf-0-750-750.jpg,0.14802439510822296
572,000572-ab6ae95114751c64a94eb2d0-36-250-65050.jpg,0.010609264485538006
573,000573-66d84c1eab985d29572ee33e-19-0-34200.jpg,0.020751696079969406
574,000574-6115a9db17decee344eb8f7a-23-3750-45150.jpg,0.005289546679705381
575,000575-d843411d5321a68a9227a475-1-2750-4550.jpg,0.03330919146537781
576,000576-8515dc5a5a774a0a7965d58f-45-2500-83500.jpg,0.013405469246208668
577,000577-dd4f77a5f43d5e5d6f322b21-1-1750-3550.jpg,0.04396630823612213
578,000578-2538a18c8c4a5e6a34f3df9f-33-250-59650.jpg,0.0267514418810606
579,000579-31bafce6ea22b473267cbedd-24-2750-45950.jpg,0.022557638585567474
580,000580-78b1e991abd0108db18df02a-45-500-81500.jpg,0.004394741263240576
581,000581-7a66bab72b712c3edb78f3a1-39-3500-73700.jpg,0.002038810169324279
582,000582-0b3a6d126307c494e94f24e2-25-2250-47250.jpg,0.009661807678639889
583,000583-a83daeb7b675392ab8618926-26-1500-48300.jpg,0.1034935787320137
584,000584-855f7fe5d5f04c0dc975d88d-2-750-4350.jpg,0.031068868935108185
585,000585-b4310dc68adb02ebcf3187de-32-250-57850.jpg,0.00590567197650671
586,000586-40cd8876c741ebe183ec3d66-0-1500-1500.jpg,0.03288322687149048
587,000587-f4ff736e0adc6b7ce009f87d-2-3750-7350.jpg,0.03183472156524658
588,000588-5aa735c8ff45c3469d2531f7-26-3250-50050.jpg,0.00047659355914220214
589,000589-874cb6b4e38cd3872acf0e63-28-2500-52900.jpg,0.005824201740324497
590,000590-e06d503ec3a952d8ad3cfe45-0-2250-2250.jpg,0.0008480087853968143
591,000591-a8c3a50bc09c78ba83994b62-16-500-29300.jpg,0.05883421003818512
592,000592-940a5ce6c94a864aea9c492c-22-1250-40850.jpg,0.025097941979765892
593,000593-2d90aff655d9086822674199-25-1000-46000.jpg,0.10068217664957047
594,000594-7a66bab72b712c3edb78f3a1-2-1500-5100.jpg,0.015218592248857021
595,000595-74428a96af9c647fc5385782-29-4750-56950.jpg,0.030337238684296608
596,000596-188b991a3c295dc93f80412c-10-1250-19250.jpg,0.006315890699625015
597,000597-3e9c014a4c93d2250ff0e7c1-10-2250-20250.jpg,0.02563406340777874
598,000598-54214f4c1bb874fa206c2e02-1-3500-5300.jpg,0.057970158755779266
599,000599-e06d503ec3a952d8ad3cfe45-37-1000-67600.jpg,0.010064685717225075
